note,type,num,fing
A,maj,1,x02224
A,maj,2,x02120
A,maj,3,576655
A,maj,4,542224
A,maj,5,xx7654
A,maj,6,xx7999
A,maj7,1,x02224
A,maj7,2,x02120
A,maj7,3,576655
A,maj7,4,542224
A,maj7,5,xx7654
A,maj7,6,xx7999
A,7,1,575655
A,7,2,x02223
A,7,3,x02020
A,7,4,542223
A,7,5,xx7989
A,6,1,x02222
A,6,2,x04220
A,6,3,542222
A,6,4,xx7979
A,6,5,54465x
A,maj9,1,x02424
A,maj9,2,546454
A,maj9,3,522224
A,maj9,4,522424
A,9,1,x02423
A,9,2,575657
A,9,3,522223
A,9,4,522423
A,9,5,525223
A,13,1,555675
A,13,2,x00022
A,13,3,x04020
A,13,4,525222
A,13,5,x04423
A,13,6,x04023
A,13,7,555222
A,13,8,524223
A,maj13,1,544454
A,maj13,2,x04120
A,maj13,3,x00122
A,maj13,4,556675
A,maj13,5,x04424
A,maj13,6,x02122
A,maj13,7,524224
A,maj13,8,544774
A,aug,1,x03221
A,aug,2,xx7665
A,7#5,1,x03023
A,7#5,2,5x5665
A,7#5,3,585685
A,7#5,4,x0x021
A,maj7#5,1,x03121
A,maj7#5,2,x03224
A,maj7#5,3,xx7664
A,aug,61,x03222
A,aug,62,x04221
A,aug,63,543222
A,aug,64,54466x
A,6/9,1,x02422
A,6/9,2,x04420
A,6/9,3,544455
A,6/9,4,522222
A,6/9,5,522422
A,6/9,6,524222
A,11,1,555655
A,11,2,x00020
A,11,3,x00423
A,11,4,x00223
A,11,5,552223
A,11,6,555687
A,11,7,xx7789
A,11,8,557685
A,6/11,1,x00420
A,6/11,2,557655
A,6/11,3,552222
A,6/11,4,552422
A,6/11,5,542232
A,6/9b5,1,x02422
A,6/9b5,2,x04420
A,6/9b5,3,544455
A,6/9b5,4,522222
A,6/9b5,5,522422
A,6/9b5,6,542422
A,9b5,1,545445
A,9b5,2,x01423
A,maj9b5,1,546444
A,maj9b5,2,x01424
A,maj9b5,3,54x445
A,maj9b5,4,547445
A,13b5,1,x01022
A,13b5,2,565675
A,6/11b5,1,557755
A,6/11b5,2,x00200
A,6/11b5,3,x02232
A,6/11b5,4,x00420
A,6/11b5,5,x00440
A,6/11b5,6,557657
A,6/11b5,7,522232
A,6/11b5,8,552222
A,6/11b5,9,xxx230
A,6/11b5,10,557755
A,6/11b5,11,x00200
A,6/11b5,12,x02232
A,6/11b5,13,x00420
A,6/11b5,14,x00440
A,6/11b5,15,557657
A,6/11b5,16,522232
A,6/11b5,17,552222
A,6/11b5,18,xxx230
A,9/11,1,555655
A,9/11,2,x00020
A,9/11,3,x00423
A,9/11,4,x00223
A,9/11,5,552223
A,9/11,6,555687
A,9/11,7,xx7789
A,9/11,8,557685
A,9/13,1,555675
A,9/13,2,x00022
A,9/13,3,x04020
A,9/13,4,525222
A,9/13,5,x04423
A,9/13,6,x04023
A,9/13,7,555222
A,9/13,8,524223
A,9/13b5,1,x01022
A,9/13b5,2,565675
A,9/13#5,1,x03022
A,9/13#5,2,x04021
A,11/13,1,555675
A,11/13,2,x00022
A,11/13,3,x04020
A,11/13,4,525222
A,11/13,5,x04423
A,11/13,6,x04023
A,11/13,7,555222
A,11/13,8,524223
A,6b5,1,542242
A,7b5,1,x01023
A,7b5,2,565685
A,7b5,3,54564x
A,7b5,4,xx7889
A,maj7b5,1,546644
A,maj7b5,2,x01224
A,maj7b5,3,xx7899
A,maj7b5,4,x0112x
A,(b5),1,xx7645
A,(b5),2,x0122x
A,aug/69,1,x03422
A,aug/69,2,544465
A,aug/69,3,x04201
A,aug/69,4,x03202
A,aug/69,5,x04401
A,aug/69,6,523222
A,aug/69,7,523422
A,9#5,1,x03423
A,9#5,2,523223
A,9#5,3,54546x
A,m,1,577555
A,m,2,x02210
A,m7,1,575555
A,m7,2,x02010
A,m7,3,x02213
A,m7,4,575588
A,m7,5,577585
A,m7,6,xx7988
A,m6,1,x04210
A,m6,2,577575
A,m6,3,x02212
A,m6,4,xx7978
A,m6,5,532252
A,m9,1,575557
A,m9,2,x02413
A,dim,1,5675x5
A,dim,2,xx7545
A,dim,3,x0121x
A,dim7,1,x01212
A,dim7,2,567575
A,dim7,3,xx7878
A,dim7,4,56454x
A,m6#5,1,x03212
A,m6#5,2,x04211
A,m6#5,3,587575
A,m7#5,1,x03011
A,m7#5,2,585565
A,m7#5,3,x03213
A,m7#5,4,533563
A,m7#5,5,5x7565
A,m7#5,6,585588
A,m11,1,555555
A,m11,2,x00010
A,m11,3,x00413
A,m11,4,535433
A,m11,5,x00213
A,m11,6,555758
A,m11,7,555587
A,m11,8,xx7788
A,m11#5,1,533433
A,m11#5,2,555567
A,m11#5,3,x03413
A,m11#5,4,585567
A,dim6,1,x01212
A,dim6,2,567575
A,dim6,3,xx7878
A,dim6,4,56454x
A,dim9,1,x01412
A,m13,1,555577
A,m13,2,534433
A,m13,3,x00412
A,m13,4,522532
A,m13#5,1,x04001
A,m13#5,2,x03002
A,m13#5,3,585577
A,m6/9,1,x04410
A,m6/9,2,x02412
A,m6/9,3,522552
A,m6/11,1,x00412
A,m6/11,2,557575
A,m6/11,3,532232
A,m6/11,4,55x577
A,m6/11,5,522532
A,m6/11,6,xx7778
A,m9#5,1,x03413
A,m9#5,2,533463
A,m9#5,3,5x5567
A,m9#5,4,585567
A,m9#5,5,585587
A,m11/13,1,555577
A,m11/13,2,534433
A,m11/13,3,x00412
A,m11/13,4,522532
A,m9/11,1,555555
A,m9/11,2,x00010
A,m9/11,3,x00413
A,m9/11,4,535433
A,m9/11,5,x00213
A,m9/11,6,555758
A,m9/11,7,555587
A,m9/11,8,xx7788
A,m9/13,1,555577
A,m9/13,2,534433
A,m9/13,3,x00412
A,m9/13,4,522532
A,dim11,1,55454x
A,dim13,1,55454x
A,dim6/9,1,x01412
A,9sus,1,x02000
A,9sus,2,x02203
A,9sus,3,x02403
A,9sus,4,xx7987
A,9sus,5,575x57
A,9sus,6,522253
A,1sus,1,555755
A,1sus,2,x00030
A,1sus,3,x02233
A,1sus,4,x00233
A,1sus,5,x02033
A,1sus,6,57575x
A,1sus,7,575785
A,1sus,8,557785
A,1sus,9,xx7981
A,6/9sus,1,x04400
A,6/9sus,2,x02402
A,6/9sus,3,x02202
A,6/9sus,4,x04202
A,6/9sus,5,522252
A,6/9sus,6,xx7977
A,6/9sus,7,5224x2
A,6b5sus,1,x04242
A,6b5sus,2,xx7875
A,6b5sus,3,x012x2
A,7b5sus,1,x01043
A,7b5sus,2,565885
A,7b5sus,3,xx7885
A,7b5sus,4,x0x243
A,9b5sus,1,x01000
A,9b5sus,2,x01203
A,9b5sus,3,x02443
A,9b5sus,4,x01403
A,9b5sus,5,522243
A,9b5sus,6,565x57
A,9b5sus,7,xx7887
A,9b5sus,8,565857
A,9b5sus,9,575857
A,9#5sus,1,x03001
A,9#5sus,2,x03203
A,9#5sus,3,x03403
A#,maj,1,687766
A#,maj,2,x10231
A#,maj,3,653335
A#,maj,4,xx8765
A#,maj7,1,687766
A#,maj7,2,x10231
A#,maj7,3,653335
A#,maj7,4,xx8765
A#,7,1,686766
A#,7,2,x13131
A#,7,3,x10134
A#,7,4,653334
A#,7,5,x10334
A#,7,6,x101x1
A#,6,1,x10031
A#,6,2,653333
A#,6,3,x13033
A#,6,4,x10333
A#,6,5,65576x
A#,maj9,1,657565
A#,maj9,2,633335
A#,maj9,3,x10211
A#,maj9,4,633535
A#,9,1,686768
A#,9,2,633334
A#,9,3,x10111
A#,9,4,633534
A#,9,5,x10314
A#,9,6,636334
A#,13,1,666786
A#,13,2,x11133
A#,13,3,x10044
A#,13,4,x10014
A#,13,5,636333
A#,13,6,x10113
A#,13,7,635334
A#,13,8,666333
A#,maj13,1,667766
A#,maj13,2,x11231
A#,maj13,3,x10241
A#,maj13,4,655865
A#,maj13,5,663335
A#,aug,1,x10332
A#,aug,2,xx8776
A#,7#5,1,x10132
A#,7#5,2,6x6776
A#,7#5,3,696796
A#,maj7#5,1,x10232
A#,maj7#5,2,xx8775
A#,aug,61,x10032
A#,aug,62,654333
A#,aug,63,x14033
A#,aug,64,65577x
A#,6/9,1,x10011
A#,6/9,2,655566
A#,6/9,3,633333
A#,6/9,4,633533
A#,6/9,5,635333
A#,6/9,6,x10313
A#,11,1,666766
A#,11,2,x11131
A#,11,3,x10141
A#,11,4,663334
A#,11,5,666798
A#,11,6,x10344
A#,11,7,x10144
A#,11,8,xx8891
A#,11,9,668796
A#,6/11,1,668766
A#,6/11,2,x10041
A#,6/11,3,663333
A#,6/11,4,x11331
A#,6/11,5,x11031
A#,6/11,6,663533
A#,6/11,7,653343
A#,6/9b5,1,655556
A#,6/9b5,2,x10010
A#,6/9b5,3,655758
A#,9b5,1,x10110
A#,9b5,2,656556
A#,maj9b5,1,657555
A#,maj9b5,2,x10210
A#,13b5,1,x10110
A#,13b5,2,x12113
A#,13b5,3,656556
A#,13b5,4,676786
A#,13b5,5,676886
A#,13b5,6,666986
A#,13b5,7,x12130
A#,13b5,8,x11130
A#,13b5,9,xx8998
A#,6/11b5,1,668968
A#,6/11b5,2,668968
A#,9/11,1,666766
A#,9/11,2,x11131
A#,9/11,3,x10141
A#,9/11,4,663334
A#,9/11,5,666798
A#,9/11,6,x10344
A#,9/11,7,x10144
A#,9/11,8,xx8891
A#,9/11,9,668796
A#,9/13,1,666786
A#,9/13,2,x11133
A#,9/13,3,x10044
A#,9/13,4,x10014
A#,9/13,5,636333
A#,9/13,6,x10113
A#,9/13,7,635334
A#,9/13,8,666333
A#,9/13b5,1,x10110
A#,9/13b5,2,x12113
A#,9/13b5,3,656556
A#,9/13b5,4,676786
A#,9/13b5,5,676886
A#,9/13b5,6,666986
A#,9/13b5,7,x12130
A#,9/13b5,8,x11130
A#,9/13b5,9,xx8998
A#,9/13#5,1,x14034
A#,11/13,1,666786
A#,11/13,2,x11133
A#,11/13,3,x10044
A#,11/13,4,x10014
A#,11/13,5,636333
A#,11/13,6,x10113
A#,11/13,7,635334
A#,11/13,8,666333
A#,6b5,1,x13030
A#,6b5,2,655756
A#,6b5,3,x12031
A#,6b5,4,653353
A#,6b5,5,x12033
A#,6b5,6,xx8981
A#,7b5,1,x10130
A#,7b5,2,676796
A#,7b5,3,x12134
A#,7b5,4,65675x
A#,7b5,5,xx8991
A#,maj7b5,1,x10230
A#,maj7b5,2,657755
A#,(b5),1,x10330
A#,(b5),2,xx8756
A#,aug/69,1,x10012
A#,aug/69,2,655576
A#,aug/69,3,634333
A#,aug/69,4,634533
A#,9#5,1,x10112
A#,9#5,2,634334
A#,9#5,3,65657x
A#,m,1,688666
A#,m,2,x13321
A#,m7,1,686666
A#,m7,2,x13121
A#,m7,3,686699
A#,m7,4,688696
A#,m6,1,688686
A#,m6,2,x13023
A#,m6,3,643363
A#,m6,4,x1x021
A#,m9,1,686668
A#,dim,1,x12320
A#,dim,2,6786x6
A#,dim,3,xx8656
A#,dim7,1,x12020
A#,dim7,2,678686
A#,dim7,3,xx8989
A#,dim7,4,67565x
A#,m6#5,1,x14022
A#,m6#5,2,698686
A#,m7#5,1,696676
A#,m7#5,2,644674
A#,m7#5,3,696699
A#,m7#5,4,698696
A#,m7#5,5,x1x122
A#,m11,1,666666
A#,m11,2,x11121
A#,m11,3,646544
A#,m11,4,666869
A#,m11,5,666698
A#,m11,6,xx8899
A#,m11#5,1,644544
A#,m11#5,2,666678
A#,m11#5,3,x11112
A#,m11#5,4,666878
A#,dim6,1,x12020
A#,dim6,2,678686
A#,dim6,3,xx8989
A#,dim6,4,67565x
A#,dim9,1,67x688
A#,m13,1,666686
A#,m13,2,x11123
A#,m13,3,645544
A#,m13,4,645644
A#,m13,5,686688
A#,m13,6,x11024
A#,m13,7,x13024
A#,m13#5,1,696688
A#,m6/9,1,633663
A#,m6/11,1,668686
A#,m6/11,2,x11021
A#,m6/11,3,643343
A#,m6/11,4,66x688
A#,m6/11,5,x11323
A#,m6/11,6,633643
A#,m6/11,7,xx8889
A#,m9#5,1,644574
A#,m9#5,2,6x6678
A#,m9#5,3,696678
A#,m9#5,4,696698
A#,m11/13,1,666686
A#,m11/13,2,x11123
A#,m11/13,3,645544
A#,m11/13,4,645644
A#,m11/13,5,686688
A#,m11/13,6,x11024
A#,m11/13,7,x13024
A#,m9/11,1,666666
A#,m9/11,2,x11121
A#,m9/11,3,646544
A#,m9/11,4,666869
A#,m9/11,5,666698
A#,m9/11,6,xx8899
A#,m9/13,1,666686
A#,m9/13,2,x11123
A#,m9/13,3,645544
A#,m9/13,4,645644
A#,m9/13,5,686688
A#,m9/13,6,x11024
A#,m9/13,7,x13024
A#,dim11,1,x11020
A#,dim13,1,x11020
A#,dim6/9,1,67x688
A#,9sus,1,x13111
A#,9sus,2,686x68
A#,9sus,3,633364
A#,11sus,1,666866
A#,11sus,2,68686x
A#,11sus,3,686896
A#,11sus,4,x11141
A#,11sus,5,668896
A#,6/9sus,1,633363
A#,6/9sus,2,x13013
A#,6/9sus,3,x1x011
A#,6b5sus,1,xx8986
A#,6b5sus,2,x120x0
A#,6b5sus,3,xxx353
A#,7b5sus,1,676996
A#,7b5sus,2,xx8996
A#,7b5sus,3,x121x0
A#,9b5sus,1,x12111
A#,9b5sus,2,x13110
A#,9b5sus,3,633354
A#,9b5sus,4,676x68
A#,9b5sus,5,676968
A#,9b5sus,6,686968
A#,9#5sus,1,x14112
B,maj,1,798877
B,maj,2,x21302
B,maj,3,x24342
B,maj,4,764446
B,maj,5,xx9876
B,maj7,1,798877
B,maj7,2,x21302
B,maj7,3,x24342
B,maj7,4,764446
B,maj7,5,xx9876
B,7,1,797877
B,7,2,x24242
B,7,3,x21202
B,7,4,764445
B,6,1,764444
B,6,2,x21102
B,6,3,x24404
B,6,4,x24104
B,6,5,76687x
B,maj9,1,768676
B,maj9,2,744446
B,maj9,3,744447
B,maj9,4,744646
B,9,1,797879
B,9,2,744445
B,9,3,744645
B,9,4,747445
B,13,1,777897
B,13,2,x22244
B,13,3,747444
B,13,4,746445
B,13,5,777444
B,maj13,1,766676
B,maj13,2,778897
B,maj13,3,x22344
B,maj13,4,746446
B,maj13,5,766996
B,aug,1,x21003
B,aug,2,xx9887
B,7#5,1,x21203
B,7#5,2,7x7887
B,7#5,3,x2x243
B,maj7#5,1,x21303
B,maj7#5,2,xx9886
B,aug,61,x21004
B,aug,62,x21103
B,aug,63,765444
B,aug,64,76688x
B,6/9,1,766677
B,6/9,2,744444
B,6/9,3,744644
B,6/9,4,x21122
B,6/9,5,744474
B,6/9,6,x24424
B,11,1,777877
B,11,2,x22242
B,11,3,x21200
B,11,4,x24240
B,11,5,x21220
B,11,6,774445
B,6/11,1,774444
B,6/11,2,x21100
B,6/11,3,779897
B,6/11,4,x24140
B,6/11,5,764454
B,6/11,6,x22444
B,6/11,7,xx9991
B,6/11,8,x22140
B,6/9b5,1,744464
B,6/9b5,2,x23422
B,6/9b5,3,796667
B,6/9b5,4,796669
B,6/9b5,5,x24121
B,6/9b5,6,78667x
B,9b5,1,767667
B,9b5,2,x21221
B,maj9b5,1,768666
B,maj9b5,2,x21321
B,maj9b5,3,76x667
B,maj9b5,4,769667
B,13b5,1,787897
B,13b5,2,x23244
B,6/11b5,1,779877
B,6/11b5,2,x22422
B,6/11b5,3,x24100
B,6/11b5,4,779979
B,6/11b5,5,789977
B,6/11b5,6,774444
B,6/11b5,7,x22102
B,6/11b5,8,x24120
B,6/11b5,9,779877
B,6/11b5,10,x22422
B,6/11b5,11,x24100
B,6/11b5,12,779979
B,6/11b5,13,789977
B,6/11b5,14,774444
B,6/11b5,15,x22102
B,6/11b5,16,x24120
B,9/11,1,777877
B,9/11,2,x22242
B,9/11,3,x21200
B,9/11,4,x24240
B,9/11,5,x21220
B,9/11,6,774445
B,9/13,1,777897
B,9/13,2,x22244
B,9/13,3,747444
B,9/13,4,746445
B,9/13,5,777444
B,9/13b5,1,787897
B,9/13b5,2,x23244
B,11/13,1,777897
B,11/13,2,x22244
B,11/13,3,747444
B,11/13,4,746445
B,11/13,5,777444
B,6b5,1,766867
B,6b5,2,x21101
B,6b5,3,764464
B,7b5,1,x21201
B,7b5,2,x23245
B,7b5,3,76786x
B,maj7b5,1,768866
B,maj7b5,2,x21301
B,(b5),1,x21401
B,(b5),2,xx9867
B,(b5),3,xxx441
B,aug/69,1,766687
B,aug/69,2,745444
B,aug/69,3,x21024
B,aug/69,4,x21123
B,aug/69,5,745644
B,9#5,1,745445
B,9#5,2,76768x
B,m,1,799777
B,m,2,x20402
B,m,3,x24432
B,m7,1,797777
B,m7,2,x20202
B,m7,3,x24232
B,m7,4,x24432
B,m7,5,xx9777
B,m7,6,79977x
B,m7,7,x20432
B,m6,1,x20102
B,m6,2,799797
B,m6,3,754474
B,m9,1,797779
B,m9,2,x20222
B,dim,1,x20401
B,dim,2,7897x7
B,dim,3,xx9767
B,dim,4,xxx431
B,dim7,1,x20101
B,dim7,2,789797
B,dim7,3,x23131
B,dim7,4,78676x
B,m6#5,1,x20004
B,m6#5,2,x20103
B,m6#5,3,x20133
B,m7#5,1,x20203
B,m7#5,2,755785
B,m7#5,3,x2x233
B,m11,1,777777
B,m11,2,x22232
B,m11,3,x20220
B,m11,4,757655
B,m11,5,x20200
B,m11,6,x20230
B,m11,7,777971
B,m11#5,1,755655
B,m11#5,2,777789
B,m11#5,3,x20223
B,dim6,1,x20101
B,dim6,2,789797
B,dim6,3,x23131
B,dim6,4,78676x
B,dim9,1,x20121
B,m13,1,777797
B,m13,2,x22234
B,m13,3,756655
B,m13,4,756755
B,m13,5,797799
B,m13,6,x20224
B,m13,7,x20204
B,m6/9,1,x20122
B,m6/9,2,x20424
B,m6/9,3,744774
B,m6/11,1,x20120
B,m6/11,2,779797
B,m6/11,3,x24130
B,m6/11,4,754454
B,m6/11,5,77x799
B,m6/11,6,x22130
B,m6/11,7,x22434
B,m6/11,8,744754
B,m6/11,9,xx9991
B,m9#5,1,x20223
B,m9#5,2,755685
B,m9#5,3,7x7789
B,m11/13,1,777797
B,m11/13,2,x22234
B,m11/13,3,756655
B,m11/13,4,756755
B,m11/13,5,797799
B,m11/13,6,x20224
B,m11/13,7,x20204
B,m9/11,1,777777
B,m9/11,2,x22232
B,m9/11,3,x20220
B,m9/11,4,757655
B,m9/11,5,x20200
B,m9/11,6,x20230
B,m9/11,7,777971
B,m9/13,1,777797
B,m9/13,2,x22234
B,m9/13,3,756655
B,m9/13,4,756755
B,m9/13,5,797799
B,m9/13,6,x20224
B,m9/13,7,x20204
B,dim11,1,x23130
B,dim11,2,x22131
B,dim13,1,x23130
B,dim13,2,x22131
B,dim6/9,1,x20121
B,9sus,1,x24222
B,9sus,2,797x79
B,9sus,3,744475
B,1sus,1,777977
B,1sus,2,x24200
B,1sus,3,x22202
B,1sus,4,79797x
B,1sus,5,x22252
B,1sus,6,x24252
B,6/9sus,1,x24422
B,6/9sus,2,744474
B,6/9sus,3,x24x24
B,6b5sus,1,x23101
B,6b5sus,2,x23404
B,6b5sus,3,xxx464
B7,b5sus,1,x23201
B,9b5sus,1,x23222
B,9b5sus,2,x24201
B,9b5sus,3,744465
B,9b5sus,4,787x79
B,9#5sus,1,x25223
C,maj,1,x32000
C,maj,2,x35453
C,maj,3,x32403
C,maj,4,x32410
C,maj,5,875557
C,maj7,1,x32000
C,maj7,2,x35453
C,maj7,3,x32403
C,maj7,4,x32410
C,maj7,5,875557
C,7,1,x35353
C,7,2,x32310
C,7,3,875556
C,6,1,875555
C,6,2,x32210
C,6,3,87798x
C,maj9,1,x30000
C,maj9,2,879787
C,maj9,3,855557
C,maj9,4,x30410
C,maj9,5,x30430
C,maj9,6,x32430
C,maj9,7,855757
C,9,1,855556
C,9,2,x30310
C,9,3,x32330
C,9,4,855756
C,9,5,858556
C,13,1,x33355
C,13,2,858555
C,13,3,857556
C,13,4,888555
C,maj13,1,877787
C,maj13,2,x30200
C,maj13,3,x32201
C,maj13,4,x33455
C,maj13,5,x32203
C,maj13,6,857557
C,aug,1,x32110
C,7#5,1,8x8998
C,maj7#5,1,x32100
C,maj7#5,2,x32404
C,aug,61,876555
C,aug,62,87799x
C,6/9,1,877788
C,6/9,2,x30230
C,6/9,3,855555
C,6/9,4,855755
C,6/9,5,857555
C,6/9,6,x32233
C,11,1,888988
C,11,2,x33353
C,11,3,x33330
C,11,4,885556
C,11,5,x33310
C,11,6,x32311
C,6/11,1,x33030
C,6/11,2,855565
C,6/11,3,x30011
C,6/11,4,x33533
C,6/11,5,x30031
C,6/11,6,885755
C,6/11,7,855765
C,6/9b5,1,x34030
C,6/9b5,2,855575
C,6/9b5,3,x30012
C,6/9b5,4,x34533
C,6/9b5,5,x30032
C,6/9b5,6,89778x
C,9b5,1,878778
C,9b5,2,x34330
C,9b5,3,x32332
C,maj9b5,1,879777
C,maj9b5,2,x34430
C,maj9b5,3,x32432
C,13b5,1,x33355
C,13b5,2,878778
C,13b5,3,x30330
C,13b5,4,x30310
C,13b5,5,858555
C,13b5,6,x33310
C,13b5,7,878555
C,13b5,8,xxx556
C,9/11,1,888988
C,9/11,2,x33353
C,9/11,3,x33330
C,9/11,4,885556
C,9/11,5,x33310
C,9/11,6,x32311
C,9/13,1,x33355
C,9/13,2,858555
C,9/13,3,857556
C,9/13,4,888555
C,9/13b5,1,x33355
C,9/13b5,2,878778
C,9/13b5,3,x30330
C,9/13b5,4,x30310
C,9/13b5,5,858555
C,9/13b5,6,x33310
C,9/13b5,7,878555
C,9/13b5,8,xxx556
C,11/13,1,x33355
C,11/13,2,858555
C,11/13,3,857556
C,11/13,4,888555
C,6b5,1,877978
C,6b5,2,x34210
C,6b5,3,875575
C,6b5,4,x32252
C,7b5,1,x34310
C,7b5,2,x32352
C,7b5,3,x34356
C,7b5,4,87897x
C,maj7b5,1,x34400
C,maj7b5,2,879977
C,maj7b5,3,x32402
C,maj7b5,4,x32452
C,(b5),1,x34x10
C,(b5),2,xxx552
C,aug/69,1,877798
C,aug/69,2,x30130
C,aug/69,3,856555
C,aug/69,4,x32234
C,aug/69,5,856755
C,aug/69,6,856558
C,9#5,1,856556
C,9#5,2,87879x
C,m,1,x31013
C,m,2,x35543
C,m,3,x31013
C,m,4,x35543
C,m7,1,x35343
C,m7,2,x31313
C,m7,3,x35343
C,m7,4,x31313
C,m6,1,x31213
C,m6,2,865585
C,m6,3,x31213
C,m6,4,865585
C,m9,1,x30343
C,m9,2,x30343
C,dim,1,x31x12
C,dim,2,xxx542
C,dim7,1,x31212
C,dim7,2,x34242
C,dim7,3,89787x
C,m7#5,1,866896
C,m7#5,2,x31114
C,m7#5,3,866896
C,m7#5,4,x31114
C,m11,1,888888
C,m11,2,x33343
C,m11,3,868766
C,m11,4,x31311
C,m11,5,x31331
C,m11,6,x30341
C,m11,7,888888
C,m11,8,x33343
C,m11,9,868766
C,m11,10,x31311
C,m11,11,x31331
C,m11,12,x30341
C,m11#5,1,866766
C,m11#5,2,888891
C,m11#5,3,x30344
C,m11#5,4,866766
C,m11#5,5,888891
C,m11#5,6,x30344
C,dim6,1,x31212
C,dim6,2,x34242
C,dim6,3,89787x
C,dim9,1,x30242
C,m13,1,x30243
C,m13,2,855865
C,m13,3,x30243
C,m13,4,855865
C,m6/9,1,x30243
C,m6/9,2,855885
C,m6/9,3,x30243
C,m6/9,4,855885
C,m6/11,1,x31211
C,m6/11,2,x30241
C,m6/11,3,865565
C,m6/11,4,x33545
C,m6/11,5,855865
C,m6/11,6,x31211
C,m6/11,7,x30241
C,m6/11,8,865565
C,m6/11,9,x33545
C,m6/11,10,855865
C,m9#5,1,x30344
C,m9#5,2,866796
C,m9#5,3,8x8891
C,m9#5,4,x30344
C,m9#5,5,866796
C,m9#5,6,8x8891
C,m11/13,1,x30243
C,m11/13,2,855865
C,m11/13,3,x30243
C,m11/13,4,855865
C,m9/11,1,888888
C,m9/11,2,x33343
C,m9/11,3,868766
C,m9/11,4,x31311
C,m9/11,5,x31331
C,m9/11,6,x30341
C,m9/11,7,888888
C,m9/11,8,x33343
C,m9/11,9,868766
C,m9/11,10,x31311
C,m9/11,11,x31331
C,m9/11,12,x30341
C,m9/13,1,x30243
C,m9/13,2,855865
C,m9/13,3,x30243
C,m9/13,4,855865
C,dim11,1,x33242
C,dim13,1,x33242
C,dim6/9,1,x30242
C,9sus,1,x35333
C,9sus,2,x30313
C,9sus,3,855586
C,1sus,1,x33311
C,1sus,2,x33363
C,1sus,3,x35363
C,1sus,4,x33366
C,6/9sus,1,855585
C,6/9sus,2,x30233
C,6/9sus,3,x35535
C,6b5sus,1,x342x2
C,6b5sus,2,xxx575
C,9b5sus,1,x34333
C,9b5sus,2,855576
C,9b5sus,3,898x81
C,9#5sus,1,x30334
C,9#5sus,2,x36336
C#,maj,1,x46564
C#,maj,2,x43111
C#,maj,3,986668
C#,maj7,1,x46564
C#,maj7,2,x43111
C#,maj7,3,986668
C#,7,1,x46464
C#,7,2,x43101
C#,7,3,x43104
C#,7,4,x43404
C#,7,5,986667
C#,6,1,986666
C#,maj9,1,966668
C#,maj9,2,x41111
C#,maj9,3,966868
C#,9,1,966667
C#,9,2,x41101
C#,9,3,966867
C#,9,4,969667
C#,13,1,x44466
C#,13,2,969666
C#,13,3,x44301
C#,13,4,x43302
C#,13,5,x41301
C#,13,6,968667
C#,13,7,999666
C#,maj13,1,988898
C#,maj13,2,x44566
C#,maj13,3,x41311
C#,maj13,4,968668
C#,maj13,5,x44311
C#,aug,1,x4322x
C#,7#5,1,x43201
C#,maj7#5,1,x43211
C#,aug,61,987666
C#,6/9,1,988899
C#,6/9,2,966666
C#,6/9,3,966866
C#,6/9,4,968666
C#,6/9,5,x43344
C#,11,1,x44464
C#,11,2,x43102
C#,11,3,x44101
C#,11,4,996667
C#,11,5,x44401
C#,6/11,1,996666
C#,6/11,2,986676
C#,6/11,3,x43322
C#,6/11,4,x44666
C#,6/9b5,1,988899
C#,6/9b5,2,966666
C#,6/9b5,3,966866
C#,6/9b5,4,x43344
C#,6/9b5,5,986866
C#,9b5,1,x41001
C#,9b5,2,989889
C#,9b5,3,x43443
C#,maj9b5,1,x41011
C#,maj9b5,2,x43543
C#,13b5,1,988889
C#,13b5,2,x41001
C#,13b5,3,x44001
C#,13b5,4,x43002
C#,13b5,5,x43343
C#,13b5,6,98988x
C#,6/11b5,1,996866
C#,6/11b5,2,996866
C#,9/11,1,x44464
C#,9/11,2,x43102
C#,9/11,3,x44101
C#,9/11,4,996667
C#,9/11,5,x44401
C#,9/13,1,x44466
C#,9/13,2,969666
C#,9/13,3,x44301
C#,9/13,4,x43302
C#,9/13,5,x41301
C#,9/13,6,968667
C#,9/13,7,999666
C#,9/13b5,1,988889
C#,9/13b5,2,x41001
C#,9/13b5,3,x44001
C#,9/13b5,4,x43002
C#,9/13b5,5,x43343
C#,9/13b5,6,98988x
C#,11/13,1,x44466
C#,11/13,2,969666
C#,11/13,3,x44301
C#,11/13,4,x43302
C#,11/13,5,x41301
C#,11/13,6,968667
C#,11/13,7,999666
C#,6b5,1,986686
C#,7b5,1,x43001
C#,7b5,2,x43403
C#,7b5,3,x43463
C#,7b5,4,x45467
C#,maj7b5,1,x43013
C#,maj7b5,2,x43563
C#,(b5),1,x43023
C#,(b5),2,x430x1
C#,(b5),3,x4x021
C#,aug/69,1,967666
C#,aug/69,2,x43345
C#,aug/69,3,967866
C#,9#5,1,x41201
C#,9#5,2,967667
C#,dim,1,x42020
C#,dim,2,x42x23
C#,dim7,1,x42323
C#,dim7,2,x45353
C#,dim6,1,x42323
C#,dim6,2,x45353
C#,dim11,1,x44353
C#,dim13,1,x44353
C#,9sus,1,x46444
C#,9sus,2,x41104
C#,9sus,3,x41404
C#,9sus,4,966697
C#,11sus,1,x44102
C#,11sus,2,x44404
C#,11sus,3,x44422
C#,11sus,4,x44474
C#,6/9sus,1,966696
C#,6/9sus,2,x46646
C#,9b5sus,1,x45444
C#,9b5sus,2,x41004
C#,9b5sus,3,x41003
C#,9b5sus,4,x41103
C#,9b5sus,5,966687
C#,9#5sus,1,x47445
C#,9#5sus,2,x4120x
D,maj,1,x57675
D,maj,2,xx0222
D,maj,3,x54222
D,maj,4,097779
D,maj7,1,x57675
D,maj7,2,xx0222
D,maj7,3,x54222
D,maj7,4,097779
D,7,1,x57575
D,7,2,xx0212
D,7,3,097778
D,6,1,097777
D,6,2,xx0202
D,6,3,xx0432
D,maj9,1,077779
D,maj9,2,x52222
D,maj9,3,077979
D,9,1,077778
D,9,2,077978
D,13,1,x55577
D,13,2,079778
D,13,3,xx0412
D,maj13,1,x55677
D,maj13,2,x52422
D,maj13,3,079779
D,maj13,4,x55422
D,maj13,5,xx0422
D,aug,1,xx0332
D,7#5,1,xx0312
D,maj7#5,1,xx0322
D,maj7#5,2,x54322
D,aug,61,xx0302
D,aug,62,098777
D,6/9,1,077777
D,6/9,2,077977
D,6/9,3,079777
D,6/9,4,x54455
D,11,1,x55575
D,11,2,x54533
D,11,3,xx0012
D,6/11,1,097787
D,6/11,2,x54433
D,6/11,3,x55777
D,6/11,4,xx0002
D,6/9b5,1,077797
D,6/9b5,2,x56755
D,6/9b5,3,x57454
D,9b5,1,x54554
D,maj9b5,1,x54654
D,maj9b5,2,09x991
D,13b5,1,x56577
D,9/11,1,x55575
D,9/11,2,x54533
D,9/11,3,xx0012
D,9/13,1,x55577
D,9/13,2,079778
D,9/13,3,xx0412
D,9/13b5,1,x56577
D,11/13,1,x55577
D,11/13,2,079778
D,11/13,3,xx0412
D,6b5,1,097797
D,7b5,1,xx0112
D,7b5,2,x54574
D,7b5,3,x56578
D,maj7b5,1,xx0122
D,maj7b5,2,x54674
D,(b5),1,xx0132
D,aug/69,1,078777
D,aug/69,2,x54456
D,aug/69,3,078977
D,9#5,1,078778
D,m,1,x57765
D,m,2,xx0231
D,m,3,x57765
D,m,4,xx0231
D,m7,1,x57565
D,m7,2,x53535
D,m7,3,xx0211
D,m7,4,x57565
D,m7,5,x53535
D,m7,6,xx0211
D,m6,1,x53435
D,m6,2,xx0201
D,m6,3,xx0431
D,m6,4,x53435
D,m6,5,xx0201
D,m6,6,xx0431
D,dim,1,xx0131
D,dim7,1,x53434
D,dim7,2,x56464
D,dim7,3,xx0101
D,m6#5,1,xx0301
D,m6#5,2,xx0301
D,m7#5,1,xx0311
D,m7#5,2,xx0311
D,m11,1,x55565
D,m11,2,x53533
D,m11,3,x53553
D,m11,4,xx0011
D,m11,5,x55565
D,m11,6,x53533
D,m11,7,x53553
D,m11,8,xx0011
D,m11#5,1,088988
D,m11#5,2,x55556
D,m11#5,3,088988
D,m11#5,4,x55556
D,dim6,1,x53434
D,dim6,2,x56464
D,dim6,3,xx0101
D,m13,1,x55567
D,m13,2,089988
D,m13,3,x55567
D,m13,4,089988
D,m6/11,1,x53433
D,m6/11,2,087787
D,m6/11,3,x55767
D,m6/11,4,xx0001
D,m6/11,5,x53433
D,m6/11,6,087787
D,m6/11,7,x55767
D,m6/11,8,xx0001
D,m11/13,1,x55567
D,m11/13,2,089988
D,m11/13,3,x55567
D,m11/13,4,089988
D,m9/11,1,x55565
D,m9/11,2,x53533
D,m9/11,3,x53553
D,m9/11,4,xx0011
D,m9/11,5,x55565
D,m9/11,6,x53533
D,m9/11,7,x53553
D,m9/11,8,xx0011
D,m9/13,1,x55567
D,m9/13,2,089988
D,m9/13,3,x55567
D,m9/13,4,089988
D,dim11,1,x55464
D,dim13,1,x55464
D,9sus,1,x57555
D,9sus,2,xx0210
D,1sus,1,xx0213
D,1sus,2,x55533
D,1sus,3,x55585
D,1sus,4,x57585
D,1sus,5,x55588
D,6/9sus,1,x57757
D,6/9sus,2,xx0200
D,6/9sus,3,xx0430
D,6b5sus,1,xx0434
D,6b5sus,2,xx0104
D,9b5sus,1,x56555
D,9b5sus,2,077798
D,9#5sus,1,xx0310
D,9#5sus,2,x58556
D#,maj,1,x68786
D#,maj,2,x65333
D#,maj,3,xx1033
D#,maj7,1,x68786
D#,maj7,2,x65333
D#,maj7,3,xx1033
D#,7,1,x68686
D#,7,2,xx1023
D#,6,1,xx1313
D#,maj9,1,188881
D#,maj9,2,x63333
D#,maj9,3,xx1031
D#,9,1,188889
D#,9,2,xx1021
D#,13,1,x66688
D#,maj13,1,x66788
D#,maj13,2,x63533
D#,maj13,3,x66533
D#,aug,1,xx1003
D#,maj7#5,1,x65433
D#,6/9,1,188888
D#,6/9,2,x65566
D#,6/9,3,xx1011
D#,11,1,x66666
D#,11,2,188899
D#,6/11,1,x65544
D#,6/11,2,x66888
D#,6/11,3,xx1113
D#,6/11,4,xx1014
D#,6/9b5,1,x67886
D#,9b5,1,x65665
D#,maj9b5,1,x65765
D#,13b5,1,x67688
D#,9/11,1,x66666
D#,9/11,2,188899
D#,9/13,1,x66688
D#,9/13b5,1,x67688
D#,11/13,1,x66688
D#,7b5,1,xx1223
D#,7b5,2,x65685
D#,7b5,3,x67689
D#,maj7b5,1,xx1033
D#,maj7b5,2,x65785
D#,(b5),1,xx1243
D#,aug/69,1,189888
D#,aug/69,2,x65567
D#,9#5,1,189889
D#,dim,1,xx1242
D#,dim7,1,x64545
D#,dim7,2,x67575
D#,dim7,3,xx1212
D#,dim6,1,x64545
D#,dim6,2,x67575
D#,dim6,3,xx1212
D#,dim11,1,x66575
D#,dim13,1,x66575
D#,9sus,1,x68666
D#,9sus,2,xx1321
D#,11sus,1,x66696
D#,11sus,2,xx1324
D#,6/9sus,1,x68868
D#,6/9sus,2,xx1311
D#,9b5sus,1,x67666
D#,9#5sus,1,x69667
E,maj,1,021100
E,maj,2,022444
E,maj,3,022140
E,maj,4,021404
E,maj,5,x79897
E,maj,6,x76444
E,maj7,1,021100
E,maj7,2,022444
E,maj7,3,022140
E,maj7,4,021404
E,maj7,5,x79897
E,maj7,6,x76444
E,7,1,020100
E,7,2,020404
E,7,3,x79797
E,7,4,022434
E,7,5,022130
E,6,1,042100
E,6,2,022424
E,6,3,042424
E,6,4,022120
E,maj9,1,021102
E,maj9,2,024140
E,maj9,3,0x4444
E,maj9,4,x74444
E,9,1,020102
E,9,2,024130
E,9,3,0x0132
E,9,4,0x4434
E,13,1,040100
E,13,2,000120
E,13,3,000224
E,13,4,000124
E,13,5,x77799
E,maj13,1,004444
E,maj13,2,022242
E,maj13,3,001122
E,maj13,4,001202
E,maj13,5,x77877
E,maj13,6,x74445
E,maj13,7,x74645
E,aug,1,032110
E,7#5,1,030110
E,7#5,2,030134
E,7#5,3,032130
E,7#5,4,030x14
E,maj7#5,1,031110
E,maj7#5,2,032140
E,maj7#5,3,031144
E,maj7#5,4,x76544
E,aug,61,032120
E,aug,62,042110
E,aug,63,032x24
E,aug,64,042114
E,6/9,1,044100
E,6/9,2,024120
E,6/9,3,042102
E,6/9,4,024424
E,6/9,5,x76677
E,6/9,6,x74454
E,6/9,7,x74474
E,11,1,000100
E,11,2,000434
E,11,3,000132
E,11,4,004130
E,11,5,x77797
E,11,6,x76755
E,11,7,xx2234
E,6/11,1,022222
E,6/11,2,004100
E,6/11,3,002422
E,6/11,4,004102
E,6/11,5,x77977
E,6/11,6,xx2202
E,6/9b5,1,022322
E,6/9b5,2,044300
E,6/9b5,3,014100
E,6/9b5,4,024300
E,6/9b5,5,x78977
E,6/9b5,6,xx2302
E,6/9b5,7,x79676
E,9b5,1,012132
E,9b5,2,014130
E,9b5,3,x76776
E,9b5,4,0x4334
E,9b5,5,0101x2
E,maj9b5,1,011142
E,maj9b5,2,014140
E,maj9b5,3,x76876
E,maj9b5,4,0x4344
E,maj9b5,5,014144
E,13b5,1,000324
E,13b5,2,010120
E,13b5,3,010122
E,13b5,4,010224
E,13b5,5,x78799
E,6/11b5,1,002324
E,6/11b5,2,002324
E,9/11,1,000100
E,9/11,2,000434
E,9/11,3,000132
E,9/11,4,004130
E,9/11,5,x77797
E,9/11,6,x76755
E,9/11,7,xx2234
E,9/13,1,040100
E,9/13,2,000120
E,9/13,3,000224
E,9/13,4,000124
E,9/13,5,x77799
E,9/13b5,1,000324
E,9/13b5,2,010120
E,9/13b5,3,010122
E,9/13b5,4,010224
E,9/13b5,5,x78799
E,9/13#5,1,030224
E,9/13#5,2,030120
E,9/13#5,3,040110
E,9/13#5,4,030122
E,11/13,1,040100
E,11/13,2,000120
E,11/13,3,000224
E,11/13,4,000124
E,11/13,5,x77799
E,6b5,1,022324
E,6b5,2,042304
E,7b5,1,010130
E,7b5,2,010334
E,7b5,3,01213x
E,7b5,4,012134
E,7b5,5,xx2334
E,7b5,6,x76796
E,7b5,7,x78791
E,maj7b5,1,011140
E,maj7b5,2,011344
E,maj7b5,3,012144
E,maj7b5,4,0x2344
E,maj7b5,5,x76896
E,(b5),1,0121x0
E,(b5),2,xx2354
E,aug/69,1,044110
E,aug/69,2,034120
E,aug/69,3,x76678
E,aug/69,4,042112
E,aug/69,5,034x24
E,9#5,1,030112
E,9#5,2,034130
E,9#5,3,034x34
E,9#5,4,03x132
E,m,1,022000
E,m,2,022403
E,m,3,x79987
E,m,4,0x2003
E,m,5,02x003
E,m,6,xx2453
E,m7,1,020000
E,m7,2,020033
E,m7,3,022030
E,m7,4,020403
E,m7,5,x79787
E,m7,6,x75757
E,m7,7,xx2433
E,m6,1,042000
E,m6,2,022423
E,m6,3,022020
E,m6,4,022023
E,m6,5,x75657
E,m9,1,020002
E,m9,2,024030
E,m9,3,024033
E,m9,4,022032
E,dim,1,0120x0
E,dim,2,xx2353
E,dim7,1,012020
E,dim7,2,042323
E,dim7,3,x75656
E,dim7,4,x78686
E,dim7,5,01x023
E,dim7,6,012x23
E,m6#5,1,042010
E,m6#5,2,032020
E,m6#5,3,032023
E,m6#5,4,04x013
E,m7#5,1,030010
E,m7#5,2,030033
E,m7#5,3,032030
E,m7#5,4,032013
E,m7#5,5,xx2010
E,m7#5,6,x75558
E,m11,1,000000
E,m11,2,000032
E,m11,3,000433
E,m11,4,022233
E,m11,5,x77787
E,m11,6,x75755
E,m11,7,x75775
E,m11#5,1,000012
E,m11#5,2,030032
E,m11#5,3,034030
E,m11#5,4,034033
E,dim6,1,012020
E,dim6,2,042323
E,dim6,3,x75656
E,dim6,4,x78686
E,dim6,5,01x023
E,dim6,6,012x23
E,dim9,1,014020
E,dim9,2,012022
E,dim9,3,0443x3
E,dim9,4,0x4323
E,m13,1,040000
E,m13,2,000022
E,m13,3,000020
E,m13,4,020020
E,m13,5,x77789
E,m13#5,1,030022
E,m13#5,2,030223
E,m13#5,3,040012
E,m13#5,4,040010
E,m6/9,1,044000
E,m6/9,2,042002
E,m6/9,3,024020
E,m6/9,4,044022
E,m6/9,5,xx2022
E,m6/11,1,004020
E,m6/11,2,022223
E,m6/11,3,002022
E,m6/11,4,002423
E,m6/11,5,x75655
E,m6/11,6,x77989
E,m9#5,1,030012
E,m9#5,2,034030
E,m9#5,3,034033
E,m9#5,4,032032
E,m11/13,1,040000
E,m11/13,2,000022
E,m11/13,3,000020
E,m11/13,4,020020
E,m11/13,5,x77789
E,m9/11,1,000000
E,m9/11,2,000032
E,m9/11,3,000433
E,m9/11,4,022233
E,m9/11,5,x77787
E,m9/11,6,x75755
E,m9/11,7,x75775
E,m9/13,1,040000
E,m9/13,2,000022
E,m9/13,3,000020
E,m9/13,4,020020
E,m9/13,5,x77789
E,dim11,1,002323
E,dim11,2,x77686
E,dim13,1,002323
E,dim13,2,x77686
E,dim6/9,1,014020
E,dim6/9,2,012022
E,dim6/9,3,0443x3
E,dim6/9,4,0x4323
E,9sus,1,022432
E,9sus,2,020402
E,9sus,3,x79777
E,9sus,4,024430
E,9sus,5,0x0432
E,1sus,1,000400
E,1sus,2,020200
E,1sus,3,002430
E,1sus,4,020230
E,6/9sus,1,022422
E,6/9sus,2,044400
E,6/9sus,3,044402
E,6/9sus,4,024420
E,6/9sus,5,x79979
E,6b5sus,1,042320
E,6b5sus,2,012x20
E,6b5sus,3,01x320
E,6b5sus,4,01232x
E,7b5sus,1,010330
E,7b5sus,2,0x2330
E,7b5sus,3,012x30
E,7b5sus,4,01233x
E,9b5sus,1,022332
E,9b5sus,2,010402
E,9b5sus,3,010302
E,9b5sus,4,020302
E,9b5sus,5,x78777
E,9#5sus,1,030x12
E,9#5sus,2,032x32
E,9#5sus,3,034x30
F,maj,1,102210
F,maj,2,132211
F,maj,3,xx3210
F,maj,4,x87555
F,maj,5,103x10
F,maj,6,1032x0
F,maj,7,xx3555
F,maj7,1,102210
F,maj7,2,132211
F,maj7,3,xx3210
F,maj7,4,x87555
F,maj7,5,103x10
F,maj7,6,1032x0
F,maj7,7,xx3555
F,7,1,131211
F,7,2,101x11
F,7,3,10121x
F,7,4,xx3545
F,6,1,100211
F,6,2,xx3535
F,6,3,10023x
F,6,4,100x31
F,6,5,1302x1
F,maj9,1,102010
F,maj9,2,x85555
F,maj9,3,1020x1
F,maj9,4,1030x0
F,maj9,5,1020x3
F,9,1,101013
F,9,2,131213
F,9,3,101041
F,9,4,103043
F,13,1,111231
F,13,2,100041
F,13,3,100043
F,13,4,100243
F,maj13,1,100010
F,maj13,2,100330
F,maj13,3,102030
F,maj13,4,103030
F,maj13,5,x85755
F,maj13,6,x88755
F,maj13,7,xx3230
F,aug,1,10x221
F,aug,2,xx3221
F,7#5,1,1x1221
F,7#5,2,141241
F,7#5,3,101x21
F,7#5,4,10122x
F,maj7#5,1,102220
F,maj7#5,2,xx3220
F,maj7#5,3,103x20
F,maj7#5,4,102x21
F,maj7#5,5,1x2221
F,maj7#5,6,x87655
F,aug,61,100221
F,6/9,1,100011
F,6/9,2,100033
F,6/9,3,100213
F,6/9,4,100233
F,6/9,5,x87788
F,11,1,111211
F,11,2,111243
F,11,3,x87866
F,11,4,xx3345
F,11,5,10131x
F,11,6,113241
F,6/11,1,100311
F,6/11,2,100333
F,6/11,3,113231
F,6/11,4,x87766
F,6/11,5,xx3335
F,6/11,6,11021x
F,6/9b5,1,100001
F,6/9b5,2,100203
F,6/9b5,3,100403
F,6/9b5,4,x87787
F,6/9b5,5,100413
F,9b5,1,101001
F,9b5,2,101203
F,9b5,3,101403
F,9b5,4,x87887
F,maj9b5,1,102000
F,maj9b5,2,103001
F,maj9b5,3,103003
F,maj9b5,4,102203
F,maj9b5,5,x87987
F,maj9b5,6,xx3203
F,13b5,1,111233
F,13b5,2,100343
F,6/11b5,1,100313
F,6/11b5,2,100313
F,9/11,1,111211
F,9/11,2,111243
F,9/11,3,x87866
F,9/11,4,xx3345
F,9/11,5,10131x
F,9/11,6,113241
F,9/13,1,111231
F,9/13,2,100041
F,9/13,3,100043
F,9/13,4,100243
F,9/13b5,1,111233
F,9/13b5,2,100343
F,9/13#5,1,141231
F,11/13,1,111231
F,11/13,2,100041
F,11/13,3,100043
F,11/13,4,100243
F,6b5,1,100201
F,6b5,2,100411
F,6b5,3,100431
F,6b5,4,13020x
F,6b5,5,xx3435
F,7b5,1,101201
F,7b5,2,1212x1
F,7b5,3,121241
F,7b5,4,10140x
F,7b5,5,xx3445
F,maj7b5,1,102400
F,maj7b5,2,103200
F,maj7b5,3,123200
F,maj7b5,4,102201
F,maj7b5,5,xx3455
F,(b5),1,103201
F,(b5),2,10340x
F,(b5),3,10x401
F,(b5),4,12x201
F,(b5),5,xx3465
F,aug/69,1,100023
F,aug/69,2,x87789
F,aug/69,3,1x0223
F,9#5,1,101023
F,9#5,2,1x1223
F,m,1,133111
F,m,2,xx3564
F,m,3,133111
F,m,4,xx3564
F,m7,1,131111
F,m7,2,x86868
F,m7,3,133141
F,m7,4,131144
F,m7,5,xx3544
F,m7,6,131111
F,m7,7,x86868
F,m7,8,133141
F,m7,9,131144
F,m7,10,xx3544
F,m6,1,133131
F,m6,2,x86768
F,m6,3,xx3534
F,m6,4,1301x1
F,m6,5,1x0111
F,m6,6,13013x
F,m6,7,133131
F,m6,8,x86768
F,m6,9,xx3534
F,m6,10,1301x1
F,m6,11,1x0111
F,m6,12,13013x
F,m9,1,131113
F,m9,2,xx3044
F,m9,3,131113
F,m9,4,xx3044
F,dim,1,xx3101
F,dim,2,1231x1
F,dim,3,xx3404
F,dim,4,12310x
F,dim,5,12x101
F,dim,6,xx3464
F,dim7,1,120101
F,dim7,2,123131
F,dim7,3,120404
F,dim7,4,x86767
F,dim7,5,x89797
F,dim7,6,xx3434
F,dim7,7,1x0104
F,m6#5,1,143131
F,m6#5,2,1x0124
F,m6#5,3,1x0121
F,m6#5,4,143131
F,m6#5,5,1x0124
F,m6#5,6,1x0121
F,m7#5,1,141121
F,m7#5,2,141144
F,m7#5,3,143141
F,m7#5,4,1x1124
F,m7#5,5,141121
F,m7#5,6,141144
F,m7#5,7,143141
F,m7#5,8,1x1124
F,m11,1,111111
F,m11,2,x88898
F,m11,3,111314
F,m11,4,111143
F,m11,5,x86866
F,m11,6,x86886
F,m11,7,113141
F,m11,8,xx3344
F,m11,9,111111
F,m11,10,x88898
F,m11,11,111314
F,m11,12,111143
F,m11,13,x86866
F,m11,14,x86886
F,m11,15,113141
F,m11,16,xx3344
F,m11#5,1,111123
F,m11#5,2,x88899
F,m11#5,3,111324
F,m11#5,4,111123
F,m11#5,5,x88899
F,m11#5,6,111324
F,dim6,1,120101
F,dim6,2,123131
F,dim6,3,120404
F,dim6,4,x86767
F,dim6,5,x89797
F,dim6,6,xx3434
F,dim6,7,1x0104
F,dim9,1,120004
F,dim9,2,120103
F,dim9,3,12x133
F,m13,1,111133
F,m13,2,110044
F,m13,3,110014
F,m13,4,110034
F,m13,5,x86786
F,m13,6,111133
F,m13,7,110044
F,m13,8,110014
F,m13,9,110034
F,m13,10,x86786
F,m13#5,1,140044
F,m13#5,2,141131
F,m13#5,3,141133
F,m13#5,4,140044
F,m13#5,5,141131
F,m13#5,6,141133
F,m6/9,1,130014
F,m6/9,2,xx3034
F,m6/9,3,1x0034
F,m6/9,4,1x0113
F,m6/9,5,13x133
F,m6/9,6,130014
F,m6/9,7,xx3034
F,m6/9,8,1x0034
F,m6/9,9,1x0113
F,m6/9,10,13x133
F,m6/11,1,113131
F,m6/11,2,110034
F,m6/11,3,110014
F,m6/11,4,x86766
F,m6/11,5,11x133
F,m6/11,6,xx3334
F,m6/11,7,113131
F,m6/11,8,110034
F,m6/11,9,110014
F,m6/11,10,x86766
F,m6/11,11,11x133
F,m6/11,12,xx3334
F,m9#5,1,1x1123
F,m9#5,2,1x1024
F,m9#5,3,141143
F,m9#5,4,1x1123
F,m9#5,5,1x1024
F,m9#5,6,141143
F,m11/13,1,111133
F,m11/13,2,110044
F,m11/13,3,110014
F,m11/13,4,110034
F,m11/13,5,x86786
F,m11/13,6,111133
F,m11/13,7,110044
F,m11/13,8,110014
F,m11/13,9,110034
F,m11/13,10,x86786
F,m9/11,1,111111
F,m9/11,2,x88898
F,m9/11,3,111314
F,m9/11,4,111143
F,m9/11,5,x86866
F,m9/11,6,x86886
F,m9/11,7,113141
F,m9/11,8,xx3344
F,m9/11,9,111111
F,m9/11,10,x88898
F,m9/11,11,111314
F,m9/11,12,111143
F,m9/11,13,x86866
F,m9/11,14,x86886
F,m9/11,15,113141
F,m9/11,16,xx3344
F,m9/13,1,111133
F,m9/13,2,110044
F,m9/13,3,110014
F,m9/13,4,110034
F,m9/13,5,x86786
F,m9/13,6,111133
F,m9/13,7,110044
F,m9/13,8,110014
F,m9/13,9,110034
F,m9/13,10,x86786
F,dim11,1,110004
F,dim11,2,110101
F,dim11,3,110103
F,dim11,4,120304
F,dim11,5,x88797
F,dim13,1,110004
F,dim13,2,110101
F,dim13,3,110103
F,dim13,4,120304
F,dim13,5,x88797
F,dim6/9,1,120004
F,dim6/9,2,120103
F,dim6/9,3,12x133
F,9sus,1,131x13
F,9sus,2,xx3543
F,9sus,3,1x1011
F,9sus,4,1x1013
F,9sus,5,1310x1
F,1sus,1,111311
F,1sus,2,13131x
F,1sus,3,1313x1
F,1sus,4,131341
F,1sus,5,xx3546
F,6/9sus,1,130013
F,6/9sus,2,130031
F,6/9sus,3,1x0011
F,6/9sus,4,xx3533
F,6/9sus,5,xx3031
F,6/9sus,6,1x0033
F,6b5sus,1,120401
F,6b5sus,2,xx3431
F,7b5sus,1,121441
F,7b5sus,2,121x01
F,7b5sus,3,xx3441
F,9b5sus,1,x89888
F,9b5sus,2,131001
F,9b5sus,3,121x13
F,9b5sus,4,121413
F,9b5sus,5,131413
F,9#5sus,1,1x1021
F,9#5sus,2,1x1x23
F,#maj,1,243322
F,#maj,2,x98666
F,#maj,3,213x21
F,#maj,4,xx4321
F,#maj,5,xx4666
F,#maj7,1,243322
F,#maj7,2,x98666
F,#maj7,3,213x21
F,#maj7,4,xx4321
F,#maj7,5,xx4666
F,#7,1,242322
F,#7,2,xx4320
F,#7,3,2423x0
F,#7,4,212x20
F,#7,5,2x2320
F,#7,6,xx4656
F,#6,1,xx4646
F,#6,2,211x22
F,#6,3,21132x
F,#maj9,1,213121
F,#maj9,2,x96666
F,#9,1,242324
F,#9,2,21x120
F,#9,3,21212x
F,#13,1,222342
F,#13,2,221300
F,#13,3,211300
F,#13,4,211100
F,#13,5,xx4340
F,#maj13,1,223322
F,#maj13,2,211421
F,#maj13,3,x99666
F,#aug,1,xx4332
F,#aug,2,210xx2
F,#7#5,1,210330
F,#7#5,2,xx4330
F,#7#5,3,2x2332
F,#7#5,4,252352
F,#7#5,5,252332
F,#maj7#5,1,xx4331
F,#maj7#5,2,x98766
F,#maj7#5,3,210xx1
F,#aug,61,21133x
F,#6/9,1,211122
F,#6/9,2,x98899
F,#6/9,3,211144
F,#11,1,222322
F,#11,2,242300
F,#11,3,244300
F,#11,4,212100
F,#11,5,x98977
F,#11,6,xx4456
F,#6/11,1,224342
F,#6/11,2,x98877
F,#6/11,3,xx4446
F,#6/11,4,21110x
F,#6/11,5,24130x
F,#6/9b5,1,241112
F,#6/9b5,2,23112x
F,#9b5,1,212112
F,#9b5,2,x98998
F,#9b5,3,21x110
F,#maj9b5,1,213111
F,#13b5,1,211112
F,#13b5,2,232300
F,#13b5,3,231300
F,#13b5,4,234300
F,#13b5,5,x98898
F,#13b5,6,xx4310
F,#13b5,7,xx4546
F,#13b5,8,xx4556
F,#6/11b5,1,224524
F,#6/11b5,2,224524
F,#9/11,1,222322
F,#9/11,2,242300
F,#9/11,3,244300
F,#9/11,4,212100
F,#9/11,5,x98977
F,#9/11,6,xx4456
F,#9/13,1,222342
F,#9/13,2,221300
F,#9/13,3,211300
F,#9/13,4,211100
F,#9/13,5,xx4340
F,#9/13b5,1,211112
F,#9/13b5,2,232300
F,#9/13b5,3,231300
F,#9/13b5,4,234300
F,#9/13b5,5,x98898
F,#9/13b5,6,xx4310
F,#9/13b5,7,xx4546
F,#9/13b5,8,xx4556
F,#9/13#5,1,220340
F,#9/13#5,2,210440
F,#11/13,1,222342
F,#11/13,2,221300
F,#11/13,3,211300
F,#11/13,4,211100
F,#11/13,5,xx4340
F,#6b5,1,211312
F,#6b5,2,xx4546
F,#7b5,1,xx4310
F,#7b5,2,2323x2
F,#7b5,3,2x2310
F,#7b5,4,212x10
F,#7b5,5,2343x0
F,#7b5,6,xx4556
F,#maj7b5,1,213311
F,#maj7b5,2,213x12
F,#maj7b5,3,2333x2
F,#maj7b5,4,xx4566
F,#maj7b5,5,xx4311
F,#(b5),1,xx4312
F,#(b5),2,2343x2
F,#(b5),3,xx4576
F,#(b5),4,21xx12
F,#aug/69,1,211132
F,#aug/69,2,x98891
F,#9#5,1,210130
F,#9#5,2,21213x
F,#9#5,3,2x2334
F,#dim,1,2342x2
F,#dim,2,20x212
F,#dim,3,xx4212
F,#dim,4,xx4575
F,#dim7,1,201212
F,#dim7,2,234242
F,#dim7,3,x97878
F,#dim7,4,xx4545
F,#dim7,5,23121x
F,#dim6,1,201212
F,#dim6,2,234242
F,#dim6,3,x97878
F,#dim6,4,xx4545
F,#dim6,5,23121x
F,#dim9,1,201112
F,#dim9,2,201214
F,#dim9,3,23x244
F,#dim11,1,201414
F,#dim13,1,201414
F,#dim6/9,1,201112
F,#dim6/9,2,201214
F,#dim6/9,3,23x244
F#,9sus,1,xx4120
F#,9sus,2,242x24
F#,9sus,3,xx4654
F#,9sus,4,2441x0
F#,9sus,5,2x2120
F#,9sus,6,2421x0
F#,11sus,1,222422
F#,11sus,2,242400
F#,11sus,3,244400
F#,11sus,4,224400
F#,11sus,5,xx4420
F#,11sus,6,x99977
F#,11sus,7,xx4657
F#,6/9sus,1,xx4644
F#,6/9sus,2,2x1122
F#,6b5sus,1,231x12
F#,6b5sus,2,xx4542
F#,7b5sus,1,232552
F#,7b5sus,2,232x10
F#,7b5sus,3,234x10
F#,7b5sus,4,xx4552
F#,9b5sus,1,232x24
F#,9b5sus,2,232522
F#,9b5sus,3,242524
F#,9b5sus,4,23x120
F#,9#5sus,1,xx4130
F#,9#5sus,2,2x0130
G,maj,1,320002
G,maj,2,354433
G,maj,3,324003
G,maj,4,3x0402
G,maj,5,xx5432
G,maj,6,xx5777
G,maj7,1,320002
G,maj7,2,354433
G,maj7,3,324003
G,maj7,4,3x0402
G,maj7,5,xx5432
G,maj7,6,xx5777
G,7,1,320001
G,7,2,353433
G,7,3,323003
G,7,4,353463
G,7,5,xx5767
G,6,1,320000
G,6,2,322030
G,6,3,322400
G,6,4,320430
G,6,5,xx5757
G,maj9,1,300002
G,maj9,2,320202
G,maj9,3,324232
G,maj9,4,304003
G,9,1,300001
G,9,2,320201
G,9,3,353435
G,9,4,303003
G,13,1,333000
G,13,2,302001
G,13,3,333453
G,13,4,303000
G,maj13,1,302002
G,maj13,2,334000
G,maj13,3,322232
G,maj13,4,304000
G,aug,1,321003
G,aug,2,xx5443
G,7#5,1,321001
G,7#5,2,3x3443
G,7#5,3,363463
G,7#5,4,363443
G,maj7#5,1,321002
G,maj7#5,2,xx5442
G,aug,61,321000
G,aug,62,322040
G,aug,63,3x1400
G,aug,64,3x2440
G,6/9,1,300000
G,6/9,2,320200
G,6/9,3,302200
G,6/9,4,300430
G,11,1,320011
G,11,2,330001
G,11,3,333433
G,11,4,333435
G,11,5,xx5567
G,6/11,1,330000
G,6/11,2,320010
G,6/11,3,300410
G,6/11,4,332200
G,6/11,5,xx5557
G,6/9b5,1,300020
G,6/9b5,2,340200
G,6/9b5,3,300223
G,6/9b5,4,320220
G,9b5,1,323223
G,9b5,2,34320x
G,9b5,3,34x201
G,maj9b5,1,324222
G,maj9b5,2,304422
G,maj9b5,3,34x202
G,maj9b5,4,34420x
G,13b5,1,343000
G,13b5,2,303420
G,13b5,3,342001
G,13b5,4,323020
G,6/11b5,1,340210
G,6/11b5,2,330220
G,6/11b5,3,330223
G,6/11b5,4,335635
G,6/11b5,5,340210
G,6/11b5,6,330220
G,6/11b5,7,330223
G,6/11b5,8,335635
G,9/11,1,320011
G,9/11,2,330001
G,9/11,3,333433
G,9/11,4,333435
G,9/11,5,xx5567
G,9/13,1,333000
G,9/13,2,302001
G,9/13,3,333453
G,9/13,4,303000
G,9/13b5,1,343000
G,9/13b5,2,303420
G,9/13b5,3,342001
G,9/13b5,4,323020
G,9/13#5,1,303440
G,9/13#5,2,323040
G,11/13,1,333000
G,11/13,2,302001
G,11/13,3,333453
G,11/13,4,303000
G,6b5,1,340000
G,6b5,2,320020
G,6b5,3,340420
G,6b5,4,320420
G,7b5,1,343001
G,7b5,2,343463
G,7b5,3,34340x
G,7b5,4,32x021
G,7b5,5,xx5667
G,maj7b5,1,344002
G,maj7b5,2,324422
G,maj7b5,3,325422
G,maj7b5,4,34x003
G,maj7b5,5,xx5677
G,(b5),1,34x003
G,(b5),2,32x023
G,(b5),3,xx5423
G,(b5),4,xx5687
G,aug/69,1,301000
G,aug/69,2,302440
G,aug/69,3,321200
G,aug/69,4,322243
G,9#5,1,301001
G,9#5,2,301441
G,9#5,3,3x1201
G,9#5,4,3212x1
G,m,1,355333
G,m,2,310033
G,m,3,xx5786
G,m7,1,353333
G,m7,2,310031
G,m7,3,355363
G,m7,4,353366
G,m7,5,xx5766
G,m6,1,310030
G,m6,2,355353
G,m6,3,xx5756
G,m6,4,3103x0
G,m6,5,3x0330
G,m9,1,353335
G,m9,2,300331
G,m9,3,3102x1
G,m9,4,31x231
G,dim,1,3453x3
G,dim,2,31x023
G,dim,3,xx5323
G,dim,4,xx5686
G,dim7,1,312020
G,dim7,2,345353
G,dim7,3,xx5656
G,dim7,4,3423x0
G,dim7,5,3x2320
G,m6#5,1,311040
G,m6#5,2,365353
G,m6#5,3,3113x0
G,m6#5,4,3x2340
G,m7#5,1,363343
G,m7#5,2,3113x1
G,m7#5,3,311341
G,m7#5,4,3x5343
G,m11,1,333333
G,m11,2,300311
G,m11,3,310011
G,m11,4,313211
G,m11,5,xx5566
G,m11#5,1,301311
G,m11#5,2,311211
G,m11#5,3,333345
G,m11#5,4,311213
G,dim6,1,312020
G,dim6,2,345353
G,dim6,3,xx5656
G,dim6,4,3423x0
G,dim6,5,3x2320
G,dim9,1,302323
G,dim9,2,30x320
G,dim9,3,31x220
G,m13,1,333353
G,m13,2,302311
G,m13,3,313010
G,m13,4,312311
G,m13#5,1,303340
G,m13#5,2,313040
G,m13#5,3,363353
G,m13#5,4,363355
G,m6/9,1,300330
G,m6/9,2,310230
G,m6/9,3,3023x0
G,m6/9,4,30233x
G,m6/11,1,310010
G,m6/11,2,300310
G,m6/11,3,335353
G,m6/11,4,302310
G,m6/11,5,xx5556
G,m9#5,1,3013x1
G,m9#5,2,3112x1
G,m9#5,3,311241
G,m9#5,4,3x3345
G,m11/13,1,333353
G,m11/13,2,302311
G,m11/13,3,313010
G,m11/13,4,312311
G,m9/11,1,333333
G,m9/11,2,300311
G,m9/11,3,310011
G,m9/11,4,313211
G,m9/11,5,xx5566
G,m9/13,1,333353
G,m9/13,2,302311
G,m9/13,3,313010
G,m9/13,4,312311
G,dim6/9,1,302323
G,dim6/9,2,30x320
G,dim6/9,3,31x220
G,9sus,1,300031
G,9sus,2,303033
G,9sus,3,3002x1
G,9sus,4,xx5765
G,9sus,5,353x35
G,1sus,1,330011
G,1sus,2,333533
G,1sus,3,353533
G,1sus,4,333563
G,1sus,5,xx5768
G,6/9sus,1,300230
G,6/9sus,2,302030
G,6/9sus,3,302233
G,6/9sus,4,302033
G,6/9sus,5,xx5755
G,6b5sus,1,342020
G,6b5sus,2,3x2023
G,6b5sus,3,342x23
G,6b5sus,4,xx5653
G,7b5sus,1,343663
G,7b5sus,2,34302x
G,7b5sus,3,34x021
G,7b5sus,4,3430x1
G,7b5sus,5,xx5663
G,9b5sus,1,300021
G,9b5sus,2,343x35
G,9b5sus,3,353635
G,9b5sus,4,343635
G,9#5sus,1,300031
G,9#5sus,2,303033
G,9#5sus,3,3002x1
G,9#5sus,4,xx5765
G,9#5sus,5,353x35
G#,maj,1,465544
G#,maj,2,4311113
G#,maj,3,43101x
G#,maj,4,4x1013
G#,maj,5,xx6543
G#,maj,6,xx6888
G#,maj7,1,465544
G#,maj7,2,4311113
G#,maj7,3,43101x
G#,maj7,4,4x1013
G#,maj7,5,xx6543
G#,maj7,6,xx6888
G#,7,1,464544
G#,7,2,431112
G#,7,3,xx6878
G#,6,1,4311111
G#,6,2,xx6868
G#,6,3,43354x
G#,maj9,1,435343
G#,maj9,2,4111113
G#,maj9,3,411313
G#,maj9,4,41101x
G#,9,1,464546
G#,9,2,411112
G#,9,3,411312
G#,9,4,414112
G#,13,1,444564
G#,13,2,414111
G#,13,3,413112
G#,13,4,444111
G#,maj13,1,433343
G#,maj13,2,445564
G#,maj13,3,443011
G#,maj13,4,413113
G#,aug,1,432x10
G#,aug,2,43x1110
G#,aug,3,4x21x10
G#,aug,4,4321x0
G#,aug,5,xx6554
G#,7#5,1,4x4454
G#,7#5,2,474574
G#,7#5,3,4341x0
G#,7#5,4,434x10
G#,maj7#5,1,43201x
G#,maj7#5,2,42x2013
G#,maj7#5,3,xx6553
G#,aug,61,433111
G#,aug,62,4331x0
G#,aug,63,433x10
G#,aug,64,43355x
G#,6/9,1,433344
G#,6/9,2,411111
G#,6/9,3,411311
G#,6/9,4,413111
G#,11,1,444544
G#,11,2,441112
G#,11,3,444576
G#,11,4,xx6678
G#,11,5,446574
G#,6/11,1,446564
G#,6/11,2,411211
G#,6/11,3,441311
G#,6/11,4,411321
G#,6/9b5,1,411131
G#,6/9b5,2,463344
G#,6/9b5,3,463346
G#,6/9b5,4,45334x
G#,9b5,1,434344
G#,9b5,2,410x12
G#,maj9b5,1,433333
G#,maj9b5,2,410013
G#,maj9b5,3,410014
G#,13b5,1,454564
G#,6/11b5,1,446544
G#,6/11b5,2,456644
G#,6/11b5,3,446646
G#,6/11b5,4,411211
G#,6/11b5,5,446544
G#,6/11b5,6,456644
G#,6/11b5,7,446646
G#,6/11b5,8,411211
G#,9/11,1,444544
G#,9/11,2,441112
G#,9/11,3,444567
G#,9/11,4,xx6678
G#,9/11,5,446574
G#,9/13,1,444564
G#,9/13,2,414111
G#,9/13,3,413112
G#,9/13,4,444111
G#,9/13b5,1,454564
G#,11/13,1,444564
G#,11/13,2,414111
G#,11/13,3,413112
G#,11/13,4,444111
G#,6b5,1,433534
G#,6b5,2,430111
G#,6b5,3,431131
G#,6b5,4,xx6768
G#,6b5,5,430131
G#,7b5,1,430112
G#,7b5,2,454774
G#,7b5,3,43453x
G#,7b5,4,xx6778
G#,maj7b5,1,430013
G#,maj7b5,2,435533
G#,maj7b5,3,430034
G#,maj7b5,4,4x0014
G#,maj7b5,5,xx6788
G#,(b5),1,430114
G#,(b5),2,43013x
G#,(b5),3,xx6534
G#,(b5),4,xx6798
G#,m,1,466444
G#,m,2,42110x
G#,m,3,xx6897
G#,m7,1,464444
G#,m7,2,464477
G#,m7,3,466474
G#,m7,4,4x1102
G#,m7,5,xx6877
G#,m6,1,466464
G#,m6,2,xx6867
G#,m6,3,421141
G#,m6,4,421x01
G#,m6,5,4x101
G#,m9,1,464464
G#,m9,2,41x02
G#,m9,3,4x13x02
G#,dim,1,420104
G#,dim,2,42040x
G#,dim,3,4564x4
G#,dim,4,4x0401
G#,dim,5,xx634
G#,dim,6,xx6797
G#,dim7,1,420101
G#,dim7,2,456464
G#,dim7,3,xx6767
G#,dim7,4,4x0401
G#,dim7,5,45343x
G#,m6#5,1,423100
G#,m6#5,2,4x3400
G#,m6#5,3,476464
G#,m6#5,4,4x2101
G#,m7#5,1,424400
G#,m7#5,2,47445
G#,m7#5,3,4224x2
G#,m7#5,4,47474
G#,m11,1,444444
G#,m11,2,424322
G#,m11,3,444664
G#,m11,4,444476
G#,m11,5,xx6677
G#,m11#5,1,422322
G#,m11#5,2,444456
G#,m11#5,3,442300
G#,m11#5,4,424300
G#,dim6,1,420101
G#,dim6,2,456464
G#,dim6,3,xx6767
G#,dim6,4,4x0401
G#,dim6,5,45343x
G#,dim9,1,410101
G#,dim9,2,42030x
G#,m13,1,444464
G#,m13,2,423422
G#,m13,3,423322
G#,m13,4,466666
G#,m13#5,1,474464
G#,m6/9,1,411441
G#,m6/9,2,41x301
G#,m6/9,3,411x01
G#,m6/11,1,446464
G#,m6/11,2,421211
G#,m6/11,3,44x466
G#,m6/11,4,411421
G#,m6/11,5,xx6667
G#,m9#5,1,424300
G#,m9#5,2,414400
G#,m9#5,3,414100
G#,m9#5,4,422x2
G#,m11/13,1,444464
G#,m11/13,2,423422
G#,m11/13,3,423322
G#,m11/13,4,466666
G#,m9/11,1,444444
G#,m9/11,2,424322
G#,m9/11,3,444664
G#,m9/11,4,444476
G#,m9/11,5,xx6677
G#,m9/13,1,444464
G#,m9/13,2,423422
G#,m9/13,3,423322
G#,m9/13,4,466666
G#,dim11,1,440101
G#,dim11,2,420121
G#,dim13,1,440101
G#,dim13,2,420121
G#,dim6/9,1,410101
G#,dim6/9,2,42030x
G#,9sus,1,xx6876
G#,9sus,2,464x46
G#,9sus,3,41114x2
G#,11sus,1,444644
G#,11sus,2,46464x
G#,11sus,3,46467x4
G#,11sus,4,464x44
G#,11sus,5,xx6789
G#,6/9sus,1,41141
G#,6/9sus,2,xx6866
G#,6/9sus,3,4113x1
G#,6b5sus,1,xx6764
G#,6b5sus,2,xxx131
G#,6b5sus,3,40x131
G#,7b5sus,1,454774
G#,7b5sus,2,40x132
G#,7b5sus,3,xx6774
G#,9b5sus,1,454444
G#,9b5sus,2,411132
G#,9b5sus,3,454x46
G#,9b5sus,4,464747
